Distrito,Barrio,URL Completa,URL Path
Arganzuela,Acacias,https://www.idealista.com/venta-viviendas/madrid/arganzuela/acacias/,/venta-viviendas/madrid/arganzuela/acacias/
Arganzuela,Chopera,https://www.idealista.com/venta-viviendas/madrid/arganzuela/chopera/,/venta-viviendas/madrid/arganzuela/chopera/
Arganzuela,Delicias,https://www.idealista.com/venta-viviendas/madrid/arganzuela/delicias/,/venta-viviendas/madrid/arganzuela/delicias/
Arganzuela,Imperial,https://www.idealista.com/venta-viviendas/madrid/arganzuela/imperial/,/venta-viviendas/madrid/arganzuela/imperial/
Arganzuela,Legazpi,https://www.idealista.com/venta-viviendas/madrid/arganzuela/legazpi/,/venta-viviendas/madrid/arganzuela/legazpi/
Arganzuela,Palos de la Frontera,https://www.idealista.com/venta-viviendas/madrid/arganzuela/palos-de-la-frontera/,/venta-viviendas/madrid/arganzuela/palos-de-la-frontera/
Barajas,Aeropuerto,https://www.idealista.com/venta-viviendas/madrid/barajas/aeropuerto/,/venta-viviendas/madrid/barajas/aeropuerto/
Barajas,Alameda de Osuna,https://www.idealista.com/venta-viviendas/madrid/barajas/alameda-de-osuna/,/venta-viviendas/madrid/barajas/alameda-de-osuna/
Barajas,Campo de las Naciones-Corralejos,https://www.idealista.com/venta-viviendas/madrid/barajas/campo-de-las-naciones-corralejos/,/venta-viviendas/madrid/barajas/campo-de-las-naciones-corralejos/
Barajas,Casco Histórico de Barajas,https://www.idealista.com/venta-viviendas/madrid/barajas/casco-historico-de-barajas/,/venta-viviendas/madrid/barajas/casco-historico-de-barajas/
Barajas,Timón,https://www.idealista.com/venta-viviendas/madrid/barajas/timon/,/venta-viviendas/madrid/barajas/timon/
Salamanca,Castellana,https://www.idealista.com/venta-viviendas/madrid/barrio-de-salamanca/castellana/,/venta-viviendas/madrid/barrio-de-salamanca/castellana/
Salamanca,Fuente del Berro,https://www.idealista.com/venta-viviendas/madrid/barrio-de-salamanca/fuente-del-berro/,/venta-viviendas/madrid/barrio-de-salamanca/fuente-del-berro/
Salamanca,Goya,https://www.idealista.com/venta-viviendas/madrid/barrio-de-salamanca/goya/,/venta-viviendas/madrid/barrio-de-salamanca/goya/
Salamanca,Guindalera,https://www.idealista.com/venta-viviendas/madrid/barrio-de-salamanca/guindalera/,/venta-viviendas/madrid/barrio-de-salamanca/guindalera/
Salamanca,Lista,https://www.idealista.com/venta-viviendas/madrid/barrio-de-salamanca/lista/,/venta-viviendas/madrid/barrio-de-salamanca/lista/
Salamanca,Recoletos,https://www.idealista.com/venta-viviendas/madrid/barrio-de-salamanca/recoletos/,/venta-viviendas/madrid/barrio-de-salamanca/recoletos/
Carabanchel,Abrantes,https://www.idealista.com/venta-viviendas/madrid/carabanchel/abrantes/,/venta-viviendas/madrid/carabanchel/abrantes/
Carabanchel,Buena Vista,https://www.idealista.com/venta-viviendas/madrid/carabanchel/buena-vista/,/venta-viviendas/madrid/carabanchel/buena-vista/
Carabanchel,Comillas,https://www.idealista.com/venta-viviendas/madrid/carabanchel/comillas/,/venta-viviendas/madrid/carabanchel/comillas/
Carabanchel,Opañel,https://www.idealista.com/venta-viviendas/madrid/carabanchel/opanel/,/venta-viviendas/madrid/carabanchel/opanel/
Carabanchel,PAU de Carabanchel,https://www.idealista.com/venta-viviendas/madrid/carabanchel/pau-de-carabanchel/,/venta-viviendas/madrid/carabanchel/pau-de-carabanchel/
Carabanchel,Puerta Bonita,https://www.idealista.com/venta-viviendas/madrid/carabanchel/puerta-bonita/,/venta-viviendas/madrid/carabanchel/puerta-bonita/
Carabanchel,San Isidro,https://www.idealista.com/venta-viviendas/madrid/carabanchel/san-isidro/,/venta-viviendas/madrid/carabanchel/san-isidro/
Carabanchel,Vista Alegre,https://www.idealista.com/venta-viviendas/madrid/carabanchel/vista-alegre/,/venta-viviendas/madrid/carabanchel/vista-alegre/
Centro,Chueca-Justicia,https://www.idealista.com/venta-viviendas/madrid/centro/chueca-justicia/,/venta-viviendas/madrid/centro/chueca-justicia/
Centro,Huertas-Cortes,https://www.idealista.com/venta-viviendas/madrid/centro/huertas-cortes/,/venta-viviendas/madrid/centro/huertas-cortes/
Centro,Lavapiés-Embajadores,https://www.idealista.com/venta-viviendas/madrid/centro/lavapies-embajadores/,/venta-viviendas/madrid/centro/lavapies-embajadores/
Centro,Malasaña-Universidad,https://www.idealista.com/venta-viviendas/madrid/centro/malasana-universidad/,/venta-viviendas/madrid/centro/malasana-universidad/
Centro,Palacio,https://www.idealista.com/venta-viviendas/madrid/centro/palacio/,/venta-viviendas/madrid/centro/palacio/
Centro,Sol,https://www.idealista.com/venta-viviendas/madrid/centro/sol/,/venta-viviendas/madrid/centro/sol/
Chamartín,Bernabéu-Hispanoamérica,https://www.idealista.com/venta-viviendas/madrid/chamartin/bernabeu-hispanoamerica/,/venta-viviendas/madrid/chamartin/bernabeu-hispanoamerica/
Chamartín,Castilla,https://www.idealista.com/venta-viviendas/madrid/chamartin/castilla/,/venta-viviendas/madrid/chamartin/castilla/
Chamartín,Ciudad Jardín,https://www.idealista.com/venta-viviendas/madrid/chamartin/ciudad-jardin/,/venta-viviendas/madrid/chamartin/ciudad-jardin/
Chamartín,El Viso,https://www.idealista.com/venta-viviendas/madrid/chamartin/el-viso/,/venta-viviendas/madrid/chamartin/el-viso/
Chamartín,Nueva España,https://www.idealista.com/venta-viviendas/madrid/chamartin/nueva-espana/,/venta-viviendas/madrid/chamartin/nueva-espana/
Chamartín,Prosperidad,https://www.idealista.com/venta-viviendas/madrid/chamartin/prosperidad/,/venta-viviendas/madrid/chamartin/prosperidad/
Chamberí,Almagro,https://www.idealista.com/venta-viviendas/madrid/chamberi/almagro/,/venta-viviendas/madrid/chamberi/almagro/
Chamberí,Arapiles,https://www.idealista.com/venta-viviendas/madrid/chamberi/arapiles/,/venta-viviendas/madrid/chamberi/arapiles/
Chamberí,Gaztambide,https://www.idealista.com/venta-viviendas/madrid/chamberi/gaztambide/,/venta-viviendas/madrid/chamberi/gaztambide/
Chamberí,Nuevos Ministerios-Ríos Rosas,https://www.idealista.com/venta-viviendas/madrid/chamberi/nuevos-ministerios-rios-rosas/,/venta-viviendas/madrid/chamberi/nuevos-ministerios-rios-rosas/
Chamberí,Trafalgar,https://www.idealista.com/venta-viviendas/madrid/chamberi/trafalgar/,/venta-viviendas/madrid/chamberi/trafalgar/
Chamberí,Vallehermoso,https://www.idealista.com/venta-viviendas/madrid/chamberi/vallehermoso/,/venta-viviendas/madrid/chamberi/vallehermoso/
Ciudad Lineal,Atalaya,https://www.idealista.com/venta-viviendas/madrid/ciudad-lineal/atalaya/,/venta-viviendas/madrid/ciudad-lineal/atalaya/
Ciudad Lineal,Colina,https://www.idealista.com/venta-viviendas/madrid/ciudad-lineal/colina/,/venta-viviendas/madrid/ciudad-lineal/colina/
Ciudad Lineal,Concepción,https://www.idealista.com/venta-viviendas/madrid/ciudad-lineal/concepcion/,/venta-viviendas/madrid/ciudad-lineal/concepcion/
Ciudad Lineal,Costillares,https://www.idealista.com/venta-viviendas/madrid/ciudad-lineal/costillares/,/venta-viviendas/madrid/ciudad-lineal/costillares/
Ciudad Lineal,Pueblo Nuevo,https://www.idealista.com/venta-viviendas/madrid/ciudad-lineal/pueblo-nuevo/,/venta-viviendas/madrid/ciudad-lineal/pueblo-nuevo/
Ciudad Lineal,Quintana,https://www.idealista.com/venta-viviendas/madrid/ciudad-lineal/quintana/,/venta-viviendas/madrid/ciudad-lineal/quintana/
Ciudad Lineal,San Juan Bautista,https://www.idealista.com/venta-viviendas/madrid/ciudad-lineal/san-juan-bautista/,/venta-viviendas/madrid/ciudad-lineal/san-juan-bautista/
Ciudad Lineal,San Pascual,https://www.idealista.com/venta-viviendas/madrid/ciudad-lineal/san-pascual/,/venta-viviendas/madrid/ciudad-lineal/san-pascual/
Ciudad Lineal,Ventas,https://www.idealista.com/venta-viviendas/madrid/ciudad-lineal/ventas/,/venta-viviendas/madrid/ciudad-lineal/ventas/
Fuencarral-El Pardo,Arroyo del Fresno,https://www.idealista.com/venta-viviendas/madrid/fuencarral/arroyo-del-fresno/,/venta-viviendas/madrid/fuencarral/arroyo-del-fresno/
Fuencarral-El Pardo,El Pardo,https://www.idealista.com/venta-viviendas/madrid/fuencarral/el-pardo/,/venta-viviendas/madrid/fuencarral/el-pardo/
Fuencarral-El Pardo,Fuentelarreina,https://www.idealista.com/venta-viviendas/madrid/fuencarral/fuentelarreina/,/venta-viviendas/madrid/fuencarral/fuentelarreina/
Fuencarral-El Pardo,La Paz,https://www.idealista.com/venta-viviendas/madrid/fuencarral/la-paz/,/venta-viviendas/madrid/fuencarral/la-paz/
Fuencarral-El Pardo,Las Tablas,https://www.idealista.com/venta-viviendas/madrid/fuencarral/las-tablas/,/venta-viviendas/madrid/fuencarral/las-tablas/
Fuencarral-El Pardo,Mirasierra,https://www.idealista.com/venta-viviendas/madrid/fuencarral/mirasierra/,/venta-viviendas/madrid/fuencarral/mirasierra/
Fuencarral-El Pardo,Montecarmelo,https://www.idealista.com/venta-viviendas/madrid/fuencarral/montecarmelo/,/venta-viviendas/madrid/fuencarral/montecarmelo/
Fuencarral-El Pardo,Peñagrande,https://www.idealista.com/venta-viviendas/madrid/fuencarral/penagrande/,/venta-viviendas/madrid/fuencarral/penagrande/
Fuencarral-El Pardo,Pilar,https://www.idealista.com/venta-viviendas/madrid/fuencarral/pilar/,/venta-viviendas/madrid/fuencarral/pilar/
Fuencarral-El Pardo,Tres Olivos-Valverde,https://www.idealista.com/venta-viviendas/madrid/fuencarral/tres-olivos-valverde/,/venta-viviendas/madrid/fuencarral/tres-olivos-valverde/
Hortaleza,Apóstol Santiago,https://www.idealista.com/venta-viviendas/madrid/hortaleza/apostol-santiago/,/venta-viviendas/madrid/hortaleza/apostol-santiago/
Hortaleza,Canillas,https://www.idealista.com/venta-viviendas/madrid/hortaleza/canillas/,/venta-viviendas/madrid/hortaleza/canillas/
Hortaleza,Conde Orgaz-Piovera,https://www.idealista.com/venta-viviendas/madrid/hortaleza/conde-orgaz-piovera/,/venta-viviendas/madrid/hortaleza/conde-orgaz-piovera/
Hortaleza,Palomas,https://www.idealista.com/venta-viviendas/madrid/hortaleza/palomas/,/venta-viviendas/madrid/hortaleza/palomas/
Hortaleza,Pinar del Rey,https://www.idealista.com/venta-viviendas/madrid/hortaleza/pinar-del-rey/,/venta-viviendas/madrid/hortaleza/pinar-del-rey/
Hortaleza,Sanchinarro,https://www.idealista.com/venta-viviendas/madrid/hortaleza/sanchinarro/,/venta-viviendas/madrid/hortaleza/sanchinarro/
Hortaleza,Valdebebas-Valdefuentes,https://www.idealista.com/venta-viviendas/madrid/hortaleza/valdebebas-valdefuentes/,/venta-viviendas/madrid/hortaleza/valdebebas-valdefuentes/
Hortaleza,Virgen del Cortijo-Manoteras,https://www.idealista.com/venta-viviendas/madrid/hortaleza/virgen-del-cortijo-manoteras/,/venta-viviendas/madrid/hortaleza/virgen-del-cortijo-manoteras/
Latina,Águilas,https://www.idealista.com/venta-viviendas/madrid/latina/aguilas/,/venta-viviendas/madrid/latina/aguilas/
Latina,Aluche,https://www.idealista.com/venta-viviendas/madrid/latina/aluche/,/venta-viviendas/madrid/latina/aluche/
Latina,Campamento,https://www.idealista.com/venta-viviendas/madrid/latina/campamento/,/venta-viviendas/madrid/latina/campamento/
Latina,Cuatro Vientos,https://www.idealista.com/venta-viviendas/madrid/latina/cuatro-vientos/,/venta-viviendas/madrid/latina/cuatro-vientos/
Latina,Los Cármenes,https://www.idealista.com/venta-viviendas/madrid/latina/los-carmenes/,/venta-viviendas/madrid/latina/los-carmenes/
Latina,Lucero,https://www.idealista.com/venta-viviendas/madrid/latina/lucero/,/venta-viviendas/madrid/latina/lucero/
Latina,Puerta del Ángel,https://www.idealista.com/venta-viviendas/madrid/latina/puerta-del-angel/,/venta-viviendas/madrid/latina/puerta-del-angel/
Moncloa-Aravaca,Aravaca,https://www.idealista.com/venta-viviendas/madrid/moncloa/aravaca/,/venta-viviendas/madrid/moncloa/aravaca/
Moncloa-Aravaca,Argüelles,https://www.idealista.com/venta-viviendas/madrid/moncloa/arguelles/,/venta-viviendas/madrid/moncloa/arguelles/
Moncloa-Aravaca,Casa de Campo,https://www.idealista.com/venta-viviendas/madrid/moncloa/casa-de-campo/,/venta-viviendas/madrid/moncloa/casa-de-campo/
Moncloa-Aravaca,Ciudad Universitaria,https://www.idealista.com/venta-viviendas/madrid/moncloa/ciudad-universitaria/,/venta-viviendas/madrid/moncloa/ciudad-universitaria/
Moncloa-Aravaca,El Plantío,https://www.idealista.com/venta-viviendas/madrid/moncloa/el-plantio/,/venta-viviendas/madrid/moncloa/el-plantio/
Moncloa-Aravaca,Valdemarín,https://www.idealista.com/venta-viviendas/madrid/moncloa/valdemarin/,/venta-viviendas/madrid/moncloa/valdemarin/
Moncloa-Aravaca,Valdezarza,https://www.idealista.com/venta-viviendas/madrid/moncloa/valdezarza/,/venta-viviendas/madrid/moncloa/valdezarza/
Moratalaz,Fontarrón,https://www.idealista.com/venta-viviendas/madrid/moratalaz/fontarron/,/venta-viviendas/madrid/moratalaz/fontarron/
Moratalaz,Horcajo,https://www.idealista.com/venta-viviendas/madrid/moratalaz/horcajo/,/venta-viviendas/madrid/moratalaz/horcajo/
Moratalaz,Marroquina,https://www.idealista.com/venta-viviendas/madrid/moratalaz/marroquina/,/venta-viviendas/madrid/moratalaz/marroquina/
Moratalaz,Media Legua,https://www.idealista.com/venta-viviendas/madrid/moratalaz/media-legua/,/venta-viviendas/madrid/moratalaz/media-legua/
Moratalaz,Pavones,https://www.idealista.com/venta-viviendas/madrid/moratalaz/pavones/,/venta-viviendas/madrid/moratalaz/pavones/
Moratalaz,Vinateros,https://www.idealista.com/venta-viviendas/madrid/moratalaz/vinateros/,/venta-viviendas/madrid/moratalaz/vinateros/
Puente de Vallecas,Entrevías,https://www.idealista.com/venta-viviendas/madrid/puente-de-vallecas/entrevias/,/venta-viviendas/madrid/puente-de-vallecas/entrevias/
Puente de Vallecas,Numancia,https://www.idealista.com/venta-viviendas/madrid/puente-de-vallecas/numancia/,/venta-viviendas/madrid/puente-de-vallecas/numancia/
Puente de Vallecas,Palomeras Bajas,https://www.idealista.com/venta-viviendas/madrid/puente-de-vallecas/palomeras-bajas/,/venta-viviendas/madrid/puente-de-vallecas/palomeras-bajas/
Puente de Vallecas,Palomeras Sureste,https://www.idealista.com/venta-viviendas/madrid/puente-de-vallecas/palomeras-sureste/,/venta-viviendas/madrid/puente-de-vallecas/palomeras-sureste/
Puente de Vallecas,Portazgo,https://www.idealista.com/venta-viviendas/madrid/puente-de-vallecas/portazgo/,/venta-viviendas/madrid/puente-de-vallecas/portazgo/
Puente de Vallecas,San Diego,https://www.idealista.com/venta-viviendas/madrid/puente-de-vallecas/san-diego/,/venta-viviendas/madrid/puente-de-vallecas/san-diego/
Retiro,Adelfas,https://www.idealista.com/venta-viviendas/madrid/retiro/adelfas/,/venta-viviendas/madrid/retiro/adelfas/
Retiro,Estrella,https://www.idealista.com/venta-viviendas/madrid/retiro/estrella/,/venta-viviendas/madrid/retiro/estrella/
Retiro,Ibiza,https://www.idealista.com/venta-viviendas/madrid/retiro/ibiza/,/venta-viviendas/madrid/retiro/ibiza/
Retiro,Jerónimos,https://www.idealista.com/venta-viviendas/madrid/retiro/jeronimos/,/venta-viviendas/madrid/retiro/jeronimos/
Retiro,Niño Jesús,https://www.idealista.com/venta-viviendas/madrid/retiro/nino-jesus/,/venta-viviendas/madrid/retiro/nino-jesus/
Retiro,Pacífico,https://www.idealista.com/venta-viviendas/madrid/retiro/pacifico/,/venta-viviendas/madrid/retiro/pacifico/
San Blas-Canillejas,Amposta,https://www.idealista.com/venta-viviendas/madrid/san-blas/amposta/,/venta-viviendas/madrid/san-blas/amposta/
San Blas-Canillejas,Arcos,https://www.idealista.com/venta-viviendas/madrid/san-blas/arcos/,/venta-viviendas/madrid/san-blas/arcos/
San Blas-Canillejas,Canillejas,https://www.idealista.com/venta-viviendas/madrid/san-blas/canillejas/,/venta-viviendas/madrid/san-blas/canillejas/
San Blas-Canillejas,Hellín,https://www.idealista.com/venta-viviendas/madrid/san-blas/hellin/,/venta-viviendas/madrid/san-blas/hellin/
San Blas-Canillejas,Rejas,https://www.idealista.com/venta-viviendas/madrid/san-blas/rejas/,/venta-viviendas/madrid/san-blas/rejas/
San Blas-Canillejas,Rosas,https://www.idealista.com/venta-viviendas/madrid/san-blas/rosas/,/venta-viviendas/madrid/san-blas/rosas/
San Blas-Canillejas,Salvador,https://www.idealista.com/venta-viviendas/madrid/san-blas/salvador/,/venta-viviendas/madrid/san-blas/salvador/
San Blas-Canillejas,Simancas,https://www.idealista.com/venta-viviendas/madrid/san-blas/simancas/,/venta-viviendas/madrid/san-blas/simancas/
Tetuán,Bellas Vistas,https://www.idealista.com/venta-viviendas/madrid/tetuan/bellas-vistas/,/venta-viviendas/madrid/tetuan/bellas-vistas/
Tetuán,Berruguete,https://www.idealista.com/venta-viviendas/madrid/tetuan/berruguete/,/venta-viviendas/madrid/tetuan/berruguete/
Tetuán,Cuatro Caminos,https://www.idealista.com/venta-viviendas/madrid/tetuan/cuatro-caminos/,/venta-viviendas/madrid/tetuan/cuatro-caminos/
Tetuán,Cuzco-Castillejos,https://www.idealista.com/venta-viviendas/madrid/tetuan/cuzco-castillejos/,/venta-viviendas/madrid/tetuan/cuzco-castillejos/
Tetuán,Valdeacederas,https://www.idealista.com/venta-viviendas/madrid/tetuan/valdeacederas/,/venta-viviendas/madrid/tetuan/valdeacederas/
Tetuán,Ventilla-Almenara,https://www.idealista.com/venta-viviendas/madrid/tetuan/ventilla-almenara/,/venta-viviendas/madrid/tetuan/ventilla-almenara/
Usera,12 de Octubre-Orcasur,https://www.idealista.com/venta-viviendas/madrid/usera/12-de-octubre-orcasur/,/venta-viviendas/madrid/usera/12-de-octubre-orcasur/
Usera,Almendrales,https://www.idealista.com/venta-viviendas/madrid/usera/almendrales/,/venta-viviendas/madrid/usera/almendrales/
Usera,Moscardó,https://www.idealista.com/venta-viviendas/madrid/usera/moscardo/,/venta-viviendas/madrid/usera/moscardo/
Usera,Orcasitas,https://www.idealista.com/venta-viviendas/madrid/usera/orcasitas/,/venta-viviendas/madrid/usera/orcasitas/
Usera,Pradolongo,https://www.idealista.com/venta-viviendas/madrid/usera/pradolongo/,/venta-viviendas/madrid/usera/pradolongo/
Usera,San Fermín,https://www.idealista.com/venta-viviendas/madrid/usera/san-fermin/,/venta-viviendas/madrid/usera/san-fermin/
Usera,Zofío,https://www.idealista.com/venta-viviendas/madrid/usera/zofio/,/venta-viviendas/madrid/usera/zofio/
Vicálvaro,Ambroz,https://www.idealista.com/venta-viviendas/madrid/vicalvaro/ambroz/,/venta-viviendas/madrid/vicalvaro/ambroz/
Vicálvaro,Casco Histórico de Vicálvaro,https://www.idealista.com/venta-viviendas/madrid/vicalvaro/casco-historico-de-vicalvaro/,/venta-viviendas/madrid/vicalvaro/casco-historico-de-vicalvaro/
Vicálvaro,El Cañaveral,https://www.idealista.com/venta-viviendas/madrid/vicalvaro/el-canaveral/,/venta-viviendas/madrid/vicalvaro/el-canaveral/
Vicálvaro,Los Ahijones,https://www.idealista.com/venta-viviendas/madrid/vicalvaro/los-ahijones/,/venta-viviendas/madrid/vicalvaro/los-ahijones/
Vicálvaro,Los Berrocales,https://www.idealista.com/venta-viviendas/madrid/vicalvaro/los-berrocales/,/venta-viviendas/madrid/vicalvaro/los-berrocales/
Vicálvaro,Los Cerros,https://www.idealista.com/venta-viviendas/madrid/vicalvaro/los-cerros/,/venta-viviendas/madrid/vicalvaro/los-cerros/
Vicálvaro,Valdebernardo-Valderrivas,https://www.idealista.com/venta-viviendas/madrid/vicalvaro/valdebernardo-valderrivas/,/venta-viviendas/madrid/vicalvaro/valdebernardo-valderrivas/
Villa de Vallecas,Casco Histórico de Vallecas,https://www.idealista.com/venta-viviendas/madrid/villa-de-vallecas/casco-historico-de-vallecas/,/venta-viviendas/madrid/villa-de-vallecas/casco-historico-de-vallecas/
Villa de Vallecas,Ensanche de Vallecas-La Gavia,https://www.idealista.com/venta-viviendas/madrid/villa-de-vallecas/ensanche-de-vallecas-la-gavia/,/venta-viviendas/madrid/villa-de-vallecas/ensanche-de-vallecas-la-gavia/
Villa de Vallecas,Santa Eugenia,https://www.idealista.com/venta-viviendas/madrid/villa-de-vallecas/santa-eugenia/,/venta-viviendas/madrid/villa-de-vallecas/santa-eugenia/
Villa de Vallecas,Valdecarros,https://www.idealista.com/venta-viviendas/madrid/villa-de-vallecas/valdecarros/,/venta-viviendas/madrid/villa-de-vallecas/valdecarros/
Villaverde,Butarque,https://www.idealista.com/venta-viviendas/madrid/villaverde/butarque/,/venta-viviendas/madrid/villaverde/butarque/
Villaverde,Los Ángeles,https://www.idealista.com/venta-viviendas/madrid/villaverde/los-angeles/,/venta-viviendas/madrid/villaverde/los-angeles/
Villaverde,Los Rosales,https://www.idealista.com/venta-viviendas/madrid/villaverde/los-rosales/,/venta-viviendas/madrid/villaverde/los-rosales/
Villaverde,San Cristóbal,https://www.idealista.com/venta-viviendas/madrid/villaverde/san-cristobal/,/venta-viviendas/madrid/villaverde/san-cristobal/
Villaverde,Villaverde Alto,https://www.idealista.com/venta-viviendas/madrid/villaverde/villaverde-alto/,/venta-viviendas/madrid/villaverde/villaverde-alto/
Fuencarral-El Pardo,El Goloso,https://www.idealista.com/venta-viviendas/madrid/fuencarral/el-goloso/,/venta-viviendas/madrid/fuencarral/el-goloso/
Fuencarral-El Pardo,Valverde,https://www.idealista.com/venta-viviendas/madrid/fuencarral/valverde/,/venta-viviendas/madrid/fuencarral/valverde/
Latina,Batán,https://www.idealista.com/venta-viviendas/madrid/latina/batan/,/venta-viviendas/madrid/latina/batan/
Moncloa-Aravaca,Dehesa de la Villa,https://www.idealista.com/venta-viviendas/madrid/moncloa/dehesa-de-la-villa/,/venta-viviendas/madrid/moncloa/dehesa-de-la-villa/
Moratalaz,Arroyo del Olivar,https://www.idealista.com/venta-viviendas/madrid/moratalaz/arroyo-del-olivar/,/venta-viviendas/madrid/moratalaz/arroyo-del-olivar/
Puente de Vallecas,Doña Carlota,https://www.idealista.com/venta-viviendas/madrid/puente-de-vallecas/dona-carlota/,/venta-viviendas/madrid/puente-de-vallecas/dona-carlota/
Puente de Vallecas,Pozo del Tío Raimundo,https://www.idealista.com/venta-viviendas/madrid/puente-de-vallecas/pozo-del-tio-raimundo/,/venta-viviendas/madrid/puente-de-vallecas/pozo-del-tio-raimundo/
Hortaleza,Pinar de Chamartín,https://www.idealista.com/venta-viviendas/madrid/hortaleza/pinar-de-chamartin/,/venta-viviendas/madrid/hortaleza/pinar-de-chamartin/
